sample_index,run_id,T_0.95_static,T_0.99_static,soft_risk_static,hard_harm_static,T_0.95_density,T_0.99_density,soft_risk_density,hard_harm_density,T_0.95_risk_01,T_0.99_risk_01,soft_risk_risk_01,hard_harm_risk_01,T_0.95_risk_05,T_0.99_risk_05,soft_risk_risk_05,hard_harm_risk_05,T_0.95_risk_10,T_0.99_risk_10,soft_risk_risk_10,hard_harm_risk_10,T_0.95_risk_50,T_0.99_risk_50,soft_risk_risk_50,hard_harm_risk_50,T_0.95_risk_100,T_0.99_risk_100,soft_risk_risk_100,hard_harm_risk_100
1,1,162.7,185.3,1042890.0,0,168.0,198.6,1055120.0,0,166.5,201.1,1008040.0,0,175.3,211.1,884283.0,0,177.5,215.1,841408.0,0,186.6,265.2,769707.0,0,233.1,337.6,760665.0,0
2,2,202.7,231.6,1764920.0,777,203.9,228.1,1879060.0,974,214.2,245.1,1698510.0,622,212.4,241.2,1473160.0,0,212.9,237.2,1386580.0,0,242.4,278.8,1209450.0,0,246.8,277.3,1196310.0,0
3,3,177.2,206.2,1484030.0,0,189.9,224.7,1546110.0,0,187.9,230.9,1419250.0,0,195.8,242.3,1236760.0,0,194.7,245.4,1178270.0,0,191.4,229.6,1088440.0,0,188.1,219.1,1052930.0,0
4,4,274.6,317.6,1316290.0,1314,290.1,354.3,1512980.0,1338,290.1,347.8,1378280.0,1,290.3,338.8,1282820.0,0,290.7,323.9,1179200.0,0,335.2,405.4,1051670.0,0,351.9,423.1,1045750.0,0
5,5,188.1,222.9,1937110.0,0,202.8,246.1,2086610.0,0,198.7,229.9,1953880.0,0,191.4,223.7,1708720.0,0,186.8,224.2,1619190.0,0,188.6,256.1,1485820.0,0,187.6,253.2,1462150.0,0
6,6,225.1,264.1,1936340.0,0,240.7,269.4,1979880.0,0,234.5,270.0,1847720.0,0,249.7,291.5,1629910.0,0,259.1,304.0,1539560.0,0,274.0,319.5,1445600.0,0,278.6,330.2,1395030.0,0
7,7,192.1,235.5,1496470.0,0,196.7,240.5,1544230.0,62,193.1,232.8,1470090.0,95,192.1,217.6,1305140.0,0,190.9,221.1,1179870.0,0,195.3,247.2,1055080.0,0,205.9,263.2,1061470.0,0
8,8,159.9,182.8,841136.0,0,165.0,186.8,855874.0,0,160.2,187.8,804021.0,0,162.3,189.6,711850.0,0,164.6,192.3,702652.0,0,161.1,189.3,685321.0,0,163.9,199.6,683967.0,0
9,9,190.2,232.8,1109980.0,47351,204.0,263.8,938534.0,13745,196.2,245.8,774568.0,8749,200.6,221.6,532853.0,0,199.0,217.2,504249.0,0,201.7,227.6,434817.0,0,204.3,229.5,427911.0,0
10,10,256.9,324.8,1513020.0,0,229.8,297.1,1361300.0,0,233.2,286.2,1306690.0,0,239.7,291.1,1126370.0,0,253.9,297.0,1041640.0,0,375.9,460.1,890916.0,0,384.9,470.6,889543.0,0
11,11,215.3,254.3,2069900.0,0,225.9,260.9,2100400.0,0,224.0,257.1,1936760.0,0,234.0,272.4,1691550.0,0,252.8,309.2,1559580.0,0,352.0,430.3,1352710.0,0,355.3,441.3,1350740.0,0
12,12,264.2,345.1,1585670.0,0,236.1,309.3,1577310.0,0,245.7,305.2,1533390.0,0,249.6,318.8,1413920.0,0,243.9,310.8,1350320.0,0,228.4,286.1,1238750.0,0,224.6,286.1,1209830.0,0
13,13,204.4,252.5,1960110.0,10222,224.7,265.6,2105820.0,4317,209.9,258.8,1844020.0,3705,233.9,290.3,1348680.0,0,227.3,276.2,1240320.0,0,229.0,272.6,1132750.0,0,222.5,275.7,1113280.0,0
14,14,158.4,179.1,779677.0,0,162.2,185.1,787195.0,0,158.5,183.1,766428.0,0,155.6,187.7,726756.0,0,155.5,193.7,709136.0,0,165.4,193.7,694105.0,0,167.0,195.1,685013.0,0
15,15,176.8,199.5,437588.0,0,176.5,195.8,435745.0,0,171.8,196.8,416711.0,0,176.1,198.9,373033.0,0,184.1,208.8,343281.0,0,189.7,245.2,316371.0,0,188.9,252.9,311293.0,0
16,16,244.2,266.1,327651.0,0,237.6,263.0,325242.0,0,238.4,264.1,323214.0,0,238.9,263.3,311735.0,0,240.9,268.0,292014.0,0,256.7,284.4,254529.0,0,259.3,290.0,238699.0,0
17,17,214.2,239.5,1850900.0,4054,215.2,250.7,1764110.0,3957,223.7,273.1,1465930.0,399,258.7,315.0,1215640.0,0,281.2,330.1,1180440.0,0,330.6,375.1,1117760.0,0,327.1,375.1,1114670.0,0
18,18,170.2,202.6,235319.0,0,171.9,199.6,230400.0,0,170.4,203.8,214659.0,0,169.6,194.6,190061.0,0,175.0,202.8,173820.0,0,179.7,207.8,157347.0,0,189.4,235.8,151804.0,0
19,19,206.2,249.5,807399.0,0,208.1,252.3,778246.0,0,211.9,255.5,739454.0,0,225.8,270.0,642754.0,0,230.8,268.8,602214.0,0,278.0,350.3,517256.0,0,298.3,378.2,504818.0,0
20,20,210.7,258.9,1385430.0,0,213.1,242.9,1458480.0,0,216.2,252.8,1356750.0,0,223.0,268.7,1200880.0,0,231.6,273.6,1110950.0,0,254.1,294.9,995410.0,0,265.4,299.3,971068.0,0
21,21,219.5,251.8,1291410.0,0,219.8,252.7,1311250.0,0,218.3,247.2,1275060.0,0,222.5,249.6,1197060.0,0,234.1,284.8,1105860.0,0,251.7,326.7,971319.0,0,257.9,337.7,959648.0,0
22,22,414.6,473.0,2959660.0,24601,446.5,498.0,2887440.0,12952,496.9,572.0,2527210.0,7789,601.4,673.0,2202230.0,0,638.7,707.7,2120400.0,0,655.0,723.3,2080120.0,0,645.9,713.3,2030510.0,0
23,23,149.0,164.0,442933.0,0,154.2,175.8,438688.0,0,154.1,173.6,387899.0,0,164.5,184.4,312211.0,0,165.2,191.6,280031.0,0,170.1,195.0,245334.0,0,170.7,198.1,239415.0,0
24,24,184.2,225.1,969361.0,0,196.7,227.4,976770.0,0,197.1,234.4,930652.0,0,201.5,236.7,822830.0,0,206.7,243.0,778011.0,0,194.8,249.1,700500.0,0,190.3,246.6,687865.0,0
25,25,163.4,197.0,842190.0,0,164.9,195.1,851732.0,0,167.9,193.0,799484.0,0,177.6,201.8,699357.0,0,177.5,202.4,684420.0,0,198.4,234.5,649520.0,0,198.7,233.0,645075.0,0
26,26,263.4,303.0,2295280.0,0,268.4,307.6,2756190.0,6897,262.8,316.0,2176130.0,3508,269.7,322.7,1339720.0,0,271.1,322.5,1145480.0,0,278.1,321.0,1022130.0,0,281.0,327.3,1006850.0,0
27,27,165.2,185.7,772002.0,0,170.6,196.7,773685.0,0,168.4,192.5,730011.0,0,186.1,211.3,604810.0,0,184.8,209.2,546732.0,0,189.9,220.7,480687.0,0,187.0,215.7,471868.0,0
28,28,236.5,298.6,800499.0,0,210.3,279.9,805566.0,0,222.5,267.7,764820.0,0,222.8,286.4,662237.0,0,223.8,275.9,642218.0,0,238.3,271.6,571092.0,0,237.1,281.6,559102.0,0
29,29,224.9,266.6,1119680.0,0,240.7,264.2,1204740.0,0,246.9,267.4,1196100.0,0,245.2,273.6,1125980.0,0,249.7,284.3,1057760.0,0,264.3,346.4,937201.0,0,265.6,338.5,919576.0,0
30,30,191.0,212.0,812380.0,0,195.9,224.4,847082.0,0,196.6,222.9,831260.0,0,199.0,228.2,769727.0,0,207.8,240.4,695435.0,0,211.2,247.3,632077.0,0,227.5,266.6,614110.0,0
31,31,167.1,192.1,1298980.0,0,173.7,207.4,1398560.0,0,170.3,196.1,1245290.0,0,176.8,215.4,919220.0,0,177.8,215.4,847902.0,0,183.6,225.7,781670.0,0,183.0,224.5,769742.0,0
32,32,163.9,179.9,364921.0,0,166.7,182.4,363788.0,0,165.2,179.7,340852.0,0,165.3,181.7,318194.0,0,167.9,181.3,298519.0,0,172.1,189.4,270520.0,0,192.2,240.4,263767.0,0
33,33,160.4,180.2,720200.0,0,162.8,181.5,723807.0,0,165.1,189.1,710112.0,0,162.7,182.6,663445.0,0,162.4,188.2,629470.0,0,167.7,205.9,569933.0,0,170.8,226.9,560344.0,0
34,34,244.5,335.0,1341430.0,0,232.8,312.7,1350140.0,0,228.6,303.3,1229390.0,0,254.5,314.3,1049520.0,0,259.8,330.0,956701.0,0,285.5,335.8,873449.0,0,283.2,326.3,872833.0,0
35,35,185.5,238.5,529873.0,0,188.5,237.0,542531.0,0,185.5,237.5,516029.0,0,187.9,234.0,474687.0,0,188.6,245.0,458639.0,0,234.2,274.5,404676.0,0,283.6,346.0,393172.0,0
36,36,220.6,246.4,1735530.0,892,227.1,264.7,1924970.0,1666,226.9,265.8,1718240.0,601,226.8,257.0,1464170.0,0,222.7,257.9,1370530.0,0,274.7,313.6,1142650.0,0,272.0,313.0,1104380.0,0
37,37,229.9,293.5,1739530.0,0,231.7,279.9,1822320.0,0,231.1,280.1,1742610.0,0,250.1,307.8,1566200.0,0,255.4,315.2,1513630.0,0,250.4,308.8,1391760.0,0,247.3,305.2,1357760.0,0
38,38,313.1,400.3,4776200.0,115864,331.0,414.3,5256860.0,119219,335.6,376.1,3956360.0,56587,346.1,407.1,2702040.0,5408,359.3,421.1,2217840.0,535,387.4,463.3,1588720.0,0,417.1,501.1,1464210.0,0
39,39,160.9,196.6,521581.0,0,162.9,189.0,525666.0,0,161.1,195.0,518669.0,0,155.7,187.0,496965.0,0,156.4,180.5,487444.0,0,151.7,185.0,465511.0,0,152.2,187.8,466727.0,0
40,40,182.3,206.7,903812.0,19310,190.2,219.9,939874.0,19142,184.8,199.8,776827.0,10943,193.6,249.5,504136.0,0,202.8,278.5,453213.0,0,206.8,284.5,430187.0,0,210.3,280.0,426663.0,0
41,41,207.1,257.2,1453300.0,0,215.2,261.8,1471770.0,0,214.6,258.8,1410930.0,0,211.6,256.5,1333180.0,0,210.7,250.7,1286980.0,0,209.1,245.8,1111570.0,0,212.4,256.2,1082510.0,0
42,42,186.5,231.6,1191940.0,17,196.9,225.0,1203940.0,200,196.5,220.7,1123980.0,0,194.0,224.8,985186.0,0,200.9,230.6,939555.0,0,205.1,225.0,867162.0,0,209.3,242.9,865708.0,0
43,43,212.8,271.7,362386.0,0,232.1,292.8,369855.0,0,230.6,293.4,361974.0,0,233.7,292.4,346256.0,0,229.7,298.2,329472.0,0,247.6,322.1,299406.0,0,251.9,334.7,284653.0,0
44,44,198.1,224.0,1027980.0,0,221.3,252.6,1139090.0,0,206.2,233.6,1040880.0,0,201.6,237.6,912047.0,0,205.7,243.4,812891.0,0,231.6,285.7,677545.0,0,230.5,275.6,660154.0,0
45,45,179.5,198.1,610549.0,0,186.2,211.0,613377.0,0,186.9,215.0,605281.0,0,189.5,223.0,582211.0,0,193.0,231.0,553642.0,0,226.9,271.3,493817.0,0,226.0,288.5,471775.0,0
46,46,201.3,234.6,1517920.0,0,197.2,227.6,1507730.0,0,198.4,227.5,1485500.0,0,194.9,220.7,1421880.0,0,196.1,233.2,1370490.0,0,192.1,228.9,1334480.0,0,189.7,227.7,1314270.0,0
47,47,178.6,203.3,920518.0,0,182.1,199.3,935650.0,0,177.6,197.3,901168.0,0,176.2,214.3,826687.0,0,171.7,197.0,803840.0,0,177.5,206.0,784801.0,0,183.8,217.5,785647.0,0
48,48,192.4,212.9,1383810.0,0,199.9,239.6,1450210.0,0,195.9,221.5,1350900.0,0,191.2,211.0,1219650.0,0,194.3,228.8,1085040.0,0,200.1,245.7,977846.0,0,192.6,242.0,952922.0,0
49,49,185.0,214.7,839931.0,463,195.1,213.4,862300.0,1555,192.1,208.4,744741.0,230,200.6,236.7,607058.0,0,212.2,265.0,500636.0,0,250.5,304.1,424223.0,0,253.4,307.1,418602.0,0
50,50,207.3,241.7,979836.0,3600,209.8,244.9,991975.0,6767,206.1,244.7,804789.0,735,215.4,247.7,637360.0,0,242.8,289.2,493474.0,0,274.3,327.5,472701.0,0,275.8,329.2,471072.0,0
